"snapshot_time","symbol","component_name","weight","sw_level1_code","sw_level1_name","close","change_rate","interval_return","volume_delta","turnover","turnover_delta","weighted_change_contribution","resonance_score","risk_score","amplitude","ts_nanos","signal_valid","signal_horizon","return_5m","volume_delta_5m","turnover_delta_5m","resonance_score_5m","risk_score_5m","return_15m","volume_delta_15m","turnover_delta_15m","resonance_score_15m","risk_score_15m","return_30m","volume_delta_30m","turnover_delta_30m","resonance_score_30m","risk_score_30m","momentum_z_5m","turnover_z_5m","strength_z_5m","risk_z_5m","composite_score_5m","prediction_label_5m","reason_5m","momentum_z_15m","turnover_z_15m","strength_z_15m","risk_z_15m","composite_score_15m","prediction_label_15m","reason_15m","momentum_z_30m","turnover_z_30m","strength_z_30m","risk_z_30m","composite_score_30m","prediction_label_30m","reason_30m","momentum_z","turnover_z","strength_z","risk_z","composite_score","prediction_label","reason"
"2026-07-16 15:00:00.255","603127.SH","昭衍新药","0.173000","801150.SI","医药生物","53.25","0.05195574871592256","0.0177752293577982","2010063","6641552683.05","106639159.96","0.0089883445278546","0.328574427947787","0","0.09284867641248509","1784185234132489335","True","5m","0.0177752293577982","2010063","106639159.96","0.328574427947787","0","-0.0107746609697195","5489225","291804347.47","-0.210015318145611","0.210015318145611","0.0162213740458016","10072225","534065414.35","0.325985201461178","0","6.35795766313034","6.16649453896292","1.73430244464175","-0.428717977226456","14.6874726239615","高综合分样本","有效窗口内价格动量、成交额和当日强度共振","-3.42934459588386","3.90600907874388","1.73430244464175","7.08536521150747","-4.87439828400571","负向放量样本","有效窗口内短周期下跌且成交额放大","3.63244043174013","4.40366020993145","1.73430244464175","-0.486980188920529","10.2573832752339","高综合分样本","有效窗口内价格动量、成交额和当日强度共振","6.35795766313034","6.16649453896292","1.73430244464175","-0.428717977226456","14.6874726239615","高综合分样本","有效窗口内价格动量、成交额和当日强度共振"
"2026-07-16 15:00:00.255","600246.SH","万通发展","0.303000","801180.SI","房地产","19.48","0.08342602892102335","0.00102774922918806","9264389","3588255851.15","180566499.39","0.0252780867630701","0.0195391672056515","0","0.14404894327030032","1784185249112665933","True","5m","0.00102774922918806","9264389","180566499.39","0.0195391672056515","0","-0.0151668351870577","73801789","1443637236.15","-0.319875100480975","0.319875100480975","-0.0151668351870577","96496872","1892456916.89","-0.323980916759781","0.323980916759781","0.122983072946539","10.8529001336076","2.61072639187343","-0.428717977226456","14.015327575654","高综合分样本","有效窗口内价格动量、成交额和当日强度共振","-4.61360929908303","21.3622645261413","2.61072639187343","10.9504297558406","8.40895186309113","负向放量样本","有效窗口内短周期下跌且成交额放大","-3.22944357077867","17.0640567366692","2.61072639187343","4.7487076707688","11.6966318869952","负向放量样本","有效窗口内短周期下跌且成交额放大","0.122983072946539","10.8529001336076","2.61072639187343","-0.428717977226456","14.015327575654","高综合分样本","有效窗口内价格动量、成交额和当日强度共振"
"2026-07-16 15:00:00.255","002747.SZ","埃斯顿","0.200000","801890.SI","机械设备","42.43","0.03740831295843521","0.00592697961119014","3192513","4986099684.01","135184493.59","0.00748166259168704","0.110965807432498","0","0.11833740831295853","1784185221829497991","True","5m","0.00592697961119014","3192513","135184493.59","0.110965807432498","0","0.0064041745730551","8287548","349900310.22","0.125990343658297","0","0.0052120350627813","13367436","563417885.93","0.105020068122252","0","1.94693370364805","7.97604175459482","1.32916715555049","-0.428717977226456","11.6808605910198","高综合分样本","有效窗口内价格动量、成交额和当日强度共振","1.20259566164547","4.78646489502873","1.32916715555049","-0.303351047309908","7.6215787595346","高综合分样本","有效窗口内价格动量、成交额和当日强度共振","1.22565110249072","4.67722930142513","1.32916715555049","-0.486980188920529","7.71902774838686","高综合分样本","有效窗口内价格动量、成交额和当日强度共振","1.94693370364805","7.97604175459482","1.32916715555049","-0.428717977226456","11.6808605910198","高综合分样本","有效窗口内价格动量、成交额和当日强度共振"
"2026-07-16 15:00:00.255","688146.SH","中船特气","0.570000","801080.SI","电子","255","0.018573996405032957","0.00830367734282323","413052","3514514037.01","104983016.25","0.0105871779508688","0.153363183964352","0","0.125783902536449","1784185219057495040","True","5m","0.00830367734282323","413052","104983016.25","0.153363183964352","0","0","1076674","272791811.54","0","0","0.00480731342107337","1966760","498594251.19","0.0962775234665016","0","2.83176233765638","6.06150819415569","0.804645417912177","-0.428717977226456","10.1266339269507","高综合分样本","有效窗口内价格动量、成交额和当日强度共振","-0.524165965900126","3.61787033295998","0.804645417912177","-0.303351047309908","4.20170083228194","中性","信号未达到强势、放量或风险阈值","1.13717351722595","4.07306406733891","0.804645417912177","-0.486980188920529","6.50186319139756","高综合分样本","有效窗口内价格动量、成交额和当日强度共振","2.83176233765638","6.06150819415569","0.804645417912177","-0.428717977226456","10.1266339269507","高综合分样本","有效窗口内价格动量、成交额和当日强度共振"
"2026-07-16 15:00:00.255","002354.SZ","天娱数科","0.158000","801760.SI","传媒","7.96","0.035110533159947985","0.00251889168765738","11561049","3119798508.51","91897106.0600004","0.00554746423927178","0.0461868516564572","0","0.07932379713914166","1784185249112643473","True","5m","0.00251889168765738","11561049","91897106.0600004","0.0461868516564572","0","0.0127226463104325","27199628","215403283.94","0.244122424592723","0","0.0101522842639594","43749428","345542800.85","0.199600274896352","0","0.678125414809523","5.23196552160354","1.26517569351918","-0.428717977226456","7.6039846071587","高综合分样本","有效窗口内价格动量、成交额和当日强度共振","2.90624917957727","2.74813583641885","1.26517569351918","-0.303351047309908","7.2229117568252","高综合分样本","有效窗口内价格动量、成交额和当日强度共振","2.30565591291272","2.64660339920789","1.26517569351918","-0.486980188920529","6.70441519456031","高综合分样本","有效窗口内价格动量、成交额和当日强度共振","0.678125414809523","5.23196552160354","1.26517569351918","-0.428717977226456","7.6039846071587","高综合分样本","有效窗口内价格动量、成交额和当日强度共振"
"2026-07-16 15:00:00.255","002396.SZ","星网锐捷","0.120000","801770.SI","通信","28.51","0.03597383720930233","0.000702000702000812","3514661","4904851814.49","100180722.469999","0.00431686046511628","0.0129325983485935","0","0.10901162790697674","1784185228161585718","True","5m","0.000702000702000812","3514661","100180722.469999","0.0129325983485935","0","-0.00662020905923337","9946217","283370613.95","-0.128844270959481","0.128844270959481","-0.0151986183074265","22402294","643529999.28","-0.308265659755923","0.308265659755923","0.00170907983203941","5.75708094692553","1.28921807057032","-0.428717977226456","7.47672607455435","高综合分样本","有效窗口内价格动量、成交额和当日强度共振","-2.30917710814957","3.77819417768726","1.28921807057032","4.22962191913694","-1.47138677902893","负向放量样本","有效窗口内短周期下跌且成交额放大","-3.23639178765817","5.42388526894956","1.28921807057032","4.49474153865861","-1.0180299867969","负向放量样本","有效窗口内短周期下跌且成交额放大","0.00170907983203941","5.75708094692553","1.28921807057032","-0.428717977226456","7.47672607455435","高综合分样本","有效窗口内价格动量、成交额和当日强度共振"
"2026-07-16 15:00:00.255","300638.SZ","广和通","0.087000","801770.SI","通信","20.68","0.13751375137513752","0.00290979631425794","1129332","1153603819.49","23338367.4400001","0.011963696369637","0.0493664673472886","0","0.1936193619361936","1784185233440892081","True","5m","0.00290979631425794","1129332","23338367.4400001","0.0493664673472886","0","0.00339640950994664","3078132","63353288.4400001","0.0610139067043752","0","0","4658704","95878894.24","0","0","0.823656586981276","0.885886537728078","4.11702931962186","-0.428717977226456","6.25529042155767","高综合分样本","有效窗口内价格动量、成交额和当日强度共振","0.391610071480602","0.443788054454253","4.11702931962186","-0.303351047309908","5.25577849286663","高综合分样本","有效窗口内价格动量、成交额和当日强度共振","0.0862302533259447","0.319701287271314","4.11702931962186","-0.486980188920529","5.00994104913965","中性","信号未达到强势、放量或风险阈值","0.823656586981276","0.885886537728078","4.11702931962186","-0.428717977226456","6.25529042155767","高综合分样本","有效窗口内价格动量、成交额和当日强度共振"
"2026-07-16 15:00:00.255","603881.SH","数据港","0.133000","801770.SI","通信","25.38","0.055301455301455305","0.00355871886120996","1677973","1521693271.84","42533629.4399998","0.00735509355509356","0.062511763791633","0","0.06528066528066528","1784185210339766536","True","5m","0.00355871886120996","1677973","42533629.4399998","0.062511763791633","0","0.00475059382422793","4626560","117011052.27","0.0882554819985395","0","0.0043529877324891","6899798","174356793.85","0.0826049692642468","0","1.06524610135432","2.10271354545026","1.82747788994637","-0.428717977226456","5.42415551397741","高综合分样本","有效窗口内价格动量、成交额和当日强度共振","0.756739641864811","1.25698208751057","1.82747788994637","-0.303351047309908","4.14455066663167","高综合分样本","有效窗口内价格动量、成交额和当日强度共振","1.03785182125719","1.05112615689859","1.82747788994637","-0.486980188920529","4.40343605702268","高综合分样本","有效窗口内价格动量、成交额和当日强度共振","1.06524610135432","2.10271354545026","1.82747788994637","-0.428717977226456","5.42415551397741","高综合分样本","有效窗口内价格动量、成交额和当日强度共振"
"2026-07-16 15:00:00.255","300244.SZ","迪安诊断","0.096000","801150.SI","医药生物","21.18","0.031660983925962005","0.0052206929283341","1917400","1355016916.36","40560781.8","0.00303945445689235","0.0914577287069293","0","0.10959571358986848","1784185208191520626","True","5m","0.0052206929283341","1917400","40560781.8","0.0914577287069293","0","0.0119445771619685","4675205","98361397.04","0.219829897141814","0","0.0129124820659971","8199513","171717899.15","0.244838267082039","0","1.68398790600117","1.97765068928957","1.16910830752463","-0.428717977226456","5.25946488004182","高综合分样本","有效窗口内价格动量、成交额和当日强度共振","2.69645790455527","0.97434287057186","1.16910830752463","-0.303351047309908","5.14326012996166","高综合分样本","有效窗口内价格动量、成交额和当日强度共振","2.9090722149094","1.02653129361224","1.16910830752463","-0.486980188920529","5.5916920049668","高综合分样本","有效窗口内价格动量、成交额和当日强度共振","1.68398790600117","1.97765068928957","1.16910830752463","-0.428717977226456","5.25946488004182","高综合分样本","有效窗口内价格动量、成交额和当日强度共振"
"2026-07-16 15:00:00.255","300085.SZ","银之杰","0.152000","801750.SI","计算机","31.49","0.02874877491016008","0.00190900413617559","1831047","2164524436.23","57614878.6600001","0.00436981378634433","0.0341125512308028","0","0.08624632473048024","1784185245122661495","True","5m","0.00190900413617559","1831047","57614878.6600001","0.0341125512308028","0","-0.00284990500316656","4994873","157123332.22","-0.0537849507762762","0.0537849507762762","-0.00158528852251112","8252709","259918887.22","-0.0307163604501002","0.0307163604501002","0.451068367590685","3.05874484948173","1.0880054478056","-0.428717977226456","5.02653664210446","高综合分样本","有效窗口内价格动量、成交额和当日强度共振","-1.29258764858243","1.86489163087077","1.0880054478056","1.58890016459851","0.0714092654954277","负向放量样本","有效窗口内短周期下跌且成交额放大","-0.260335104107949","1.84857669137001","1.0880054478056","0.00941100939709825","2.66683602567056","中性","信号未达到强势、放量或风险阈值","0.451068367590685","3.05874484948173","1.0880054478056","-0.428717977226456","5.02653664210446","高综合分样本","有效窗口内价格动量、成交额和当日强度共振"
"2026-07-16 15:00:00.255","002192.SZ","融捷股份","0.190000","801050.SI","有色金属","66.99","0.008581752484191508","0.0043478260869564","535501","1740503060.84","35795471.6999998","0.00163053297199639","0.0756231825325206","0","0.07693465823547134","1784185208191513776","True","5m","0.0043478260869564","535501","35795471.6999998","0.0756231825325206","0","0.000298641182619024","1384806","92373400.3","0.00547748234446727","0","-0.00784952606635073","2309537","154527286.56","-0.148009731432548","0.148009731432548","1.35902543195669","1.67556791334977","0.526368840718363","-0.428717977226456","3.98968016325128","高综合分样本","有效窗口内价格动量、成交额和当日强度共振","-0.443643155556847","0.883593594579739","0.526368840718363","-0.303351047309908","1.26967032705116","高综合分样本","有效窗口内价格动量、成交额和当日强度共振","-1.62978154404858","0.866312408614822","0.526368840718363","1.90492845103141","-2.1420287457468","负向放量样本","有效窗口内短周期下跌且成交额放大","1.35902543195669","1.67556791334977","0.526368840718363","-0.428717977226456","3.98968016325128","高综合分样本","有效窗口内价格动量、成交额和当日强度共振"
"2026-07-16 15:00:00.255","688167.SH","炬光科技","0.473000","801080.SI","电子","261.5","0.007668297946129244","0.0062723669527071","93688","2238005093.73","24460927.3899999","0.00362710492851913","0.106709192511613","0","0.10357982351354475","1784185246736807556","True","5m","0.0062723669527071","93688","24460927.3899999","0.106709192511613","0","0.00592398830589329","336077","87288383.0100002","0.108318514573875","0","-0.00327793871016929","632214","164517171.68","-0.0620137671279353","0.0620137671279353","2.07551909569461","0.9570479141629","0.500929809777181","-0.428717977226456","3.96221479686115","高综合分样本","有效窗口内价格动量、成交额和当日强度共振","1.07312273570463","0.806529150908232","0.500929809777181","-0.303351047309908","2.68393274369995","高综合分样本","有效窗口内价格动量、成交额和当日强度共振","-0.63037116313845","0.959419518486508","0.500929809777181","0.515192194973529","0.31478597015171","中性","信号未达到强势、放量或风险阈值","2.07551909569461","0.9570479141629","0.500929809777181","-0.428717977226456","3.96221479686115","高综合分样本","有效窗口内价格动量、成交额和当日强度共振"
"2026-07-16 15:00:00.255","300007.SZ","汉威科技","0.103000","801890.SI","机械设备","35.7","0.005917159763313609","0.00875953659225776","283941","367948524.77","10092884.7","0.000609467455621302","0.141268036669051","0","0.04705550859396998","1784185245889477936","True","5m","0.00875953659225776","283941","10092884.7","0.141268036669051","0","0.0188356164383563","866146","30502542.1","0.324600217127956","0","0.0159362549800797","1417046","49816194.1","0.282451803855605","0","3.00147568050543","0.046228234113866","0.452161911038146","-0.428717977226456","3.9285838028839","高综合分样本","有效窗口内价格动量、成交额和当日强度共振","4.55449316899678","-0.0540715095367296","0.452161911038146","-0.303351047309908","5.25593461780811","中性","信号未达到强势、放量或风险阈值","3.57010957554582","-0.109609443673461","0.452161911038146","-0.486980188920529","4.39964223183103","中性","信号未达到强势、放量或风险阈值","3.00147568050543","0.046228234113866","0.452161911038146","-0.428717977226456","3.9285838028839","高综合分样本","有效窗口内价格动量、成交额和当日强度共振"
"2026-07-16 15:00:00.255","301363.SZ","美好医疗","0.045000","801150.SI","医药生物","19.68","0.029288702928870293","0.00613496932515343","645820","391216116.59","12679529.6","0.00131799163179916","0.10034048765252","0","0.08577405857740569","1784185215219520686","True","5m","0.00613496932515343","645820","12679529.6","0.10034048765252","0","0.00871348026652989","1393660","27258510.2399999","0.149182418390364","0","0.00664961636828639","2229120","43518513.2399999","0.116958087602507","0","2.02436687996007","0.210200956846532","1.10304204240517","-0.428717977226456","3.76632785643822","高综合分样本","有效窗口内价格动量、成交额和当日强度共振","1.82525521164312","-0.103235454570939","1.10304204240517","-0.303351047309908","3.12841284678726","中性","信号未达到强势、放量或风险阈值","1.53992567895297","-0.168304699597369","1.10304204240517","-0.486980188920529","2.9616432106813","中性","信号未达到强势、放量或风险阈值","2.02436687996007","0.210200956846532","1.10304204240517","-0.428717977226456","3.76632785643822","高综合分样本","有效窗口内价格动量、成交额和当日强度共振"
"2026-07-16 15:00:00.255","688353.SH","华盛锂电","0.095000","801730.SI","电力设备","91.11","0.08052656546489564","0.00153896889084314","148559","1060795626.56","13538539.14","0.00765002371916509","0.0252714866459793","0","0.18370493358633785","1784185245889398726","True","5m","0.00153896889084314","148559","13538539.14","0.0252714866459793","0","0.00651789659743707","510343","46212142.4499999","0.115032748214582","0","0.00396694214876032","851765","77093759.63","0.0720417834429538","0","0.313306726173427","0.264655332523354","2.52997848653189","-0.428717977226456","3.53665852245512","高综合分样本","有效窗口内价格动量、成交额和当日强度共振","1.23325860277388","0.184010593675648","2.52997848653189","-0.303351047309908","4.25059873029132","高综合分样本","有效窗口内价格动量、成交额和当日强度共振","0.953457073038856","0.144621236692345","2.52997848653189","-0.486980188920529","4.11503698518362","高综合分样本","有效窗口内价格动量、成交额和当日强度共振","0.313306726173427","0.264655332523354","2.52997848653189","-0.428717977226456","3.53665852245512","高综合分样本","有效窗口内价格动量、成交额和当日强度共振"
"2026-07-16 15:00:00.255","301171.SZ","易点天下","0.151000","801760.SI","传媒","29.45","0.02541782729805014","0.00340715502555359","893461","1174164184.68","26264075.97","0.00383809192200557","0.0582068574745703","0","0.06998607242339826","1784185237447631993","True","5m","0.00340715502555359","893461","26264075.97","0.0582068574745703","0","0.00580601092896169","2641483","77446741.45","0.105466775302719","0","0.00477652678266805","4781163","140127061.49","0.0895983767364348","0","1.00881990130206","1.07135319903372","0.995241028957042","-0.428717977226456","3.50413210651928","高综合分样本","有效窗口内价格动量、成交额和当日强度共振","1.04131242118556","0.657377124792736","0.995241028957042","-0.303351047309908","2.99728162224524","高综合分样本","有效窗口内价格动量、成交额和当日强度共振","1.1304431446839","0.732100320921715","0.995241028957042","-0.486980188920529","3.34476468348319","高综合分样本","有效窗口内价格动量、成交额和当日强度共振","1.00881990130206","1.07135319903372","0.995241028957042","-0.428717977226456","3.50413210651928","高综合分样本","有效窗口内价格动量、成交额和当日强度共振"
"2026-07-16 15:00:00.255","300253.SZ","卫宁健康","0.122000","801750.SI","计算机","7.28","0.02679830747531735","0.00413793103448279","2836947","628615523.96","20604601.72","0.00326939351198872","0.0696870001730161","0","0.05500705218617779","1784185204830336021","True","5m","0.00413793103448279","2836947","20604601.72","0.0696870001730161","0","0.0069156293222683","6938607","50261824.9200001","0.122633170255231","0","0.00552486187845304","11095407","80300427.9200001","0.100559588510344","0","1.28088291088914","0.712587524623634","1.03368637733495","-0.428717977226456","3.45587479007419","高综合分样本","有效窗口内价格动量、成交额和当日强度共振","1.34049952811456","0.245384333192831","1.03368637733495","-0.303351047309908","2.92292128595225","高综合分样本","有效窗口内价格动量、成交额和当日强度共振","1.29403924486902","0.174507828301027","1.03368637733495","-0.486980188920529","2.98921363942553","高综合分样本","有效窗口内价格动量、成交额和当日强度共振","1.28088291088914","0.712587524623634","1.03368637733495","-0.428717977226456","3.45587479007419","高综合分样本","有效窗口内价格动量、成交额和当日强度共振"
"2026-07-16 15:00:00.255","002315.SZ","焦点科技","0.059000","801200.SI","商贸零售","25.1","0.05728727885425443","0.00279664402716741","579590","413051976.96","14539131.7","0.00337994945240101","0.0461232443680903","0","0.06866048862679033","1784185245122023310","True","5m","0.00279664402716741","579590","14539131.7","0.0461232443680903","0","0.00560897435897438","1832750","45852133.9","0.0989475370416755","0","0.00722311396468699","2842780","71008345.9","0.130581678900969","0","0.781530748979808","0.328084946077673","1.88278160206165","-0.428717977226456","3.42111527434558","高综合分样本","有效窗口内价格动量、成交额和当日强度共振","0.988185326601221","0.17855459283229","1.88278160206165","-0.303351047309908","3.35287256880506","高综合分样本","有效窗口内价格动量、成交额和当日强度共振","1.66529995414751","0.0879043397543171","1.88278160206165","-0.486980188920529","4.122966084884","高综合分样本","有效窗口内价格动量、成交额和当日强度共振","0.781530748979808","0.328084946077673","1.88278160206165","-0.428717977226456","3.42111527434558","高综合分样本","有效窗口内价格动量、成交额和当日强度共振"
"2026-07-16 15:00:00.255","300725.SZ","药石科技","0.088000","801150.SI","医药生物","41.81","0.01975609756097561","0.00384153661464595","568150","1222778446.59","23738155.51","0.00173853658536585","0.0652392577797966","0","0.07975609756097568","1784185233002912551","True","5m","0.00384153661464595","568150","23738155.51","0.0652392577797966","0","0.0128391472868217","1654297","68782891.8299999","0.231701230117898","0","0.0152986886838272","2833097","117209221.83","0.284241544653058","0","1.17053725517477","0.911229923035401","0.83756605777831","-0.428717977226456","3.34805121321493","高综合分样本","有效窗口内价格动量、成交额和当日强度共振","2.93766141128733","0.526074768686306","0.83756605777831","-0.303351047309908","4.60465328506185","高综合分样本","有效窗口内价格动量、成交额和当日强度共振","3.43072902228315","0.518502888157111","0.83756605777831","-0.486980188920529","5.2737781571391","高综合分样本","有效窗口内价格动量、成交额和当日强度共振","1.17053725517477","0.911229923035401","0.83756605777831","-0.428717977226456","3.34805121321493","高综合分样本","有效窗口内价格动量、成交额和当日强度共振"
"2026-07-16 15:00:00.255","301293.SZ","三博脑科","0.071000","801150.SI","医药生物","52.36","0.052462311557788945","0.00229709035222047","344068","732942114.22","18002655.88","0.00372482412060301","0.0383752601288179","0","0.09809045226130658","1784185215219556276","True","5m","0.00229709035222047","344068","18002655.88","0.0383752601288179","0","-0.000381825124093225","901156","47103858.5","-0.0067460349363526","0.0067460349363526","-0.00247666222137555","1521256","79492532.5","-0.045053392558712","0.045053392558712","0.595550264404927","0.547644843938034","1.74840984382904","-0.428717977226456","3.32032292939846","高综合分样本","有效窗口内价格动量、成交额和当日强度共振","-0.627117714825123","0.197524726939532","1.74840984382904","-0.0660134166223235","1.38483027256578","中性","信号未达到强势、放量或风险阈值","-0.455201363572687","0.166978131339429","1.74840984382904","0.24110436252966","1.21908224906613","中性","信号未达到强势、放量或风险阈值","0.595550264404927","0.547644843938034","1.74840984382904","-0.428717977226456","3.32032292939846","高综合分样本","有效窗口内价格动量、成交额和当日强度共振"
"2026-07-16 15:00:00.255","002636.SZ","金安国纪","0.358000","801080.SI","电子","89.55","-0.05528009283679713","0.0192351468244935","1398817","5347900724.96","123964342.93","-0.0197902732355734","0.358456665845916","0","0.13260892499208785","1784185249638796037","True","5m","0.0192351468244935","1398817","123964342.93","0.358456665845916","0","0.015882019285309","4397148","387056751.5","0.314052349887019","0","0.00291186023070882","7741207","683651433.01","0.0592358525482905","0","6.9014751498632","7.26477340338398","-1.25213615475507","-0.428717977226456","13.3428303757186","量价共振样本","有效窗口内成交额增量显著且价格方向偏强","3.75811290657102","5.34957811820055","-1.25213615475507","-0.303351047309908","8.15890591732641","量价共振样本","有效窗口内成交额增量显著且价格方向偏强","0.722801998672737","5.79782257589916","-1.25213615475507","-0.486980188920529","5.75546860873736","量价共振样本","有效窗口内成交额增量显著且价格方向偏强","6.9014751498632","7.26477340338398","-1.25213615475507","-0.428717977226456","13.3428303757186","量价共振样本","有效窗口内成交额增量显著且价格方向偏强"
"2026-07-16 15:00:00.255","301217.SZ","铜冠铜箔","0.421000","801730.SI","电力设备","127.21","-0.0014913657770800628","0.0126572201878681","778530","4246106014.96","98675347","-0.000627864992150706","0.232985827678039","0","0.10439560439560437","1784185221829553942","True","5m","0.0126572201878681","778530","98675347","0.232985827678039","0","0.011771255865744","2601326","327025310.05","0.230781923422723","0","0.00307522472796089","4146327","522001847.77","0.0617295446943921","0","4.45255715620106","5.661652109921","0.245839973166548","-0.428717977226456","10.7887672165151","量价共振样本","有效窗口内成交额增量显著且价格方向偏强","2.64972517418653","4.43978973906544","0.245839973166548","-0.303351047309908","7.63870593372843","量价共振样本","有效窗口内成交额增量显著且价格方向偏强","0.758515671343811","4.29122610227993","0.245839973166548","-0.486980188920529","5.78256193571081","量价共振样本","有效窗口内成交额增量显著且价格方向偏强","4.45255715620106","5.661652109921","0.245839973166548","-0.428717977226456","10.7887672165151","量价共振样本","有效窗口内成交额增量显著且价格方向偏强"
"2026-07-16 15:00:00.255","000636.SZ","风华高科","0.686000","801080.SI","电子","51.7","-0.05137614678899082","0.0109503324208057","2167734","4954005214.01","111711066.27","-0.0352440366972477","0.202925278648495","0","0.09871559633027528","1784185205570695297","True","5m","0.0109503324208057","2167734","111711066.27","0.202925278648495","0","0.0127326150832518","8243985","421123410.37","0.252849827948453","0","0.00740452065471556","14573881","745327371.05","0.151269426345484","0","3.81709428213268","6.48801307716493","-1.14341415473794","-0.428717977226456","9.59041118178613","量价共振样本","有效窗口内成交额增量显著且价格方向偏强","2.9089370660772","5.86586507728848","-1.14341415473794","-0.303351047309908","7.93473903593765","量价共振样本","有效窗口内成交额增量显著且价格方向偏强","1.70495789242052","6.37265084174508","-1.14341415473794","-0.486980188920529","7.42117476834819","量价共振样本","有效窗口内成交额增量显著且价格方向偏强","3.81709428213268","6.48801307716493","-1.14341415473794","-0.428717977226456","9.59041118178613","量价共振样本","有效窗口内成交额增量显著且价格方向偏强"
"2026-07-16 15:00:00.255","688766.SH","普冉股份","0.815000","801080.SI","电子","526","-0.08996539792387544","0.00961630741472963","117190","4912288861.59","61413857.0799999","-0.0733217993079585","0.17245064551544","0","0.12629757785467127","1784185208191481646","True","5m","0.00961630741472963","117190","61413857.0799999","0.17245064551544","0","0.0146604938271605","555828","288317790.75","0.285580172525675","0","0.00562077008373811","1461553","759781285.21","0.114936548456133","0","3.3204457146061","3.29956987928385","-2.21809615883617","-0.428717977226456","4.83063741228024","量价共振样本","有效窗口内成交额增量显著且价格方向偏强","3.42875222719862","3.8531696214456","-2.21809615883617","-0.303351047309908","5.36717673711796","量价共振样本","有效窗口内成交额增量显著且价格方向偏强","1.31500606634882","6.50736331917656","-2.21809615883617","-0.486980188920529","6.09125341560974","量价共振样本","有效窗口内成交额增量显著且价格方向偏强","3.3204457146061","3.29956987928385","-2.21809615883617","-0.428717977226456","4.83063741228024","量价共振样本","有效窗口内成交额增量显著且价格方向偏强"
"2026-07-16 15:00:00.255","300319.SZ","麦捷科技","0.216000","801080.SI","电子","17.65","-0.07105263157894737","0.00799543118218144","1677200","1300484919.98","29553990","-0.0153473684210526","0.137535243247774","0","0.07578947368421059","1784185219057608911","True","5m","0.00799543118218144","1677200","29553990","0.137535243247774","0","0.00857142857142849","5768311","101037829.07","0.157980047655648","0","0.00170261066969339","11214233","196662745.55","0.0325147574458555","0","2.7170043582849","1.27990759359151","-1.6913896527274","-0.428717977226456","2.73424027637547","量价共振样本","有效窗口内成交额增量显著且价格方向偏强","1.78695372353864","1.01490472781907","-1.6913896527274","-0.303351047309908","1.41381984594021","量价共振样本","有效窗口内成交额增量显著且价格方向偏强","0.458443807473412","1.25902070931607","-1.6913896527274","-0.486980188920529","0.513055052982606","量价共振样本","有效窗口内成交额增量显著且价格方向偏强","2.7170043582849","1.27990759359151","-1.6913896527274","-0.428717977226456","2.73424027637547","量价共振样本","有效窗口内成交额增量显著且价格方向偏强"
"2026-07-16 15:00:00.255","301511.SZ","德福科技","0.465000","801730.SI","电力设备","107","-0.04293381037567084","0.0076278368961296","363769","2386071989.8","38835957.98","-0.0199642218246869","0.133295360148041","0","0.08112701252236129","1784185204830308681","True","5m","0.0076278368961296","363769","38835957.98","0.133295360148041","0","0.00829249905767052","1753646","185976245.43","0.157898548569711","0","-0.00158626481291408","3183877","338590526.97","-0.0311547200619521","0.0311547200619521","2.58015146964558","1.86831057151787","-0.908301351324756","-0.428717977226456","3.96887866706515","量价共振样本","有效窗口内成交额增量显著且价格方向偏强","1.71174578289728","2.30216324235649","-0.908301351324756","-0.303351047309908","3.40895872123892","量价共振样本","有效窗口内成交额增量显著且价格方向偏强","-0.260548534299145","2.58180724587603","-0.908301351324756","0.0164951121303863","1.39646224812174","中性","信号未达到强势、放量或风险阈值","2.58015146964558","1.86831057151787","-0.908301351324756","-0.428717977226456","3.96887866706515","量价共振样本","有效窗口内成交额增量显著且价格方向偏强"
"2026-07-16 15:00:00.255","002428.SZ","云南锗业","0.644000","801050.SI","有色金属","83.39","-0.05055220311966299","0.00712560386473434","1041648","3698399701.49","86615503.7999997","-0.032555618809063","0.130234586281319","0","0.07241261527951724","1784185204830263100","True","5m","0.00712560386473434","1041648","86615503.7999997","0.130234586281319","0","0.0105428986912264","4750503","391708458.82","0.208602092881866","0","0.00324831568816165","7896338","652484249.36","0.0659287817740899","0","2.39317347862525","4.89715392726242","-1.12046793505821","-0.428717977226456","6.59857744805591","量价共振样本","有效窗口内成交额增量显著且价格方向偏强","2.31852245482257","5.42007566349768","-1.12046793505821","-0.303351047309908","6.92148123057195","量价共振样本","有效窗口内成交额增量显著且价格方向偏强","0.796355679417251","5.50734011712874","-1.12046793505821","-0.486980188920529","5.67020805040831","量价共振样本","有效窗口内成交额增量显著且价格方向偏强","2.39317347862525","4.89715392726242","-1.12046793505821","-0.428717977226456","6.59857744805591","量价共振样本","有效窗口内成交额增量显著且价格方向偏强"
"2026-07-16 15:00:00.255","002484.SZ","江海股份","0.641000","801080.SI","电子","81.42","-0.07329842931937174","0.00705009276437857","565955","3968620486.38","45955148.1400003","-0.0469842931937173","0.124386030702131","0","0.07910311859776921","1784185231743347530","True","5m","0.00705009276437857","565955","45955148.1400003","0.124386030702131","0","0.0182591295647825","2449655","197114278.14","0.348736487679788","0","0.00954742715437069","4800155","385587927.14","0.188755306341105","0","2.36506120212875","2.31961062982385","-1.75393345302149","-0.428717977226456","3.35945635615757","量价共振样本","有效窗口内成交额增量显著且价格方向偏强","4.39905464983785","2.47096233298676","-1.75393345302149","-0.303351047309908","5.41943457711303","量价共振样本","有效窗口内成交额增量显著且价格方向偏强","2.17342602705636","3.01982951027138","-1.75393345302149","-0.486980188920529","3.92630227322677","量价共振样本","有效窗口内成交额增量显著且价格方向偏强","2.36506120212875","2.31961062982385","-1.75393345302149","-0.428717977226456","3.35945635615757","量价共振样本","有效窗口内成交额增量显著且价格方向偏强"
"2026-07-16 15:00:00.255","601208.SH","东材科技","0.587000","801030.SI","基础化工","48.78","-0.05263157894736842","0.00577319587628868","843700","2682050636.35","41102305","-0.0308947368421053","0.101213215253311","0","0.078656049718392","1784185242956289329","True","5m","0.00577319587628868","843700","41102305","0.101213215253311","0","0.00681114551083588","3369777","163164475.34","0.12880059590122","0","0.000205044084478122","7368200","357164231.49","0.00403807797189714","0","1.88968104998726","2.01197895503911","-1.17837700859739","-0.428717977226456","3.15200097365544","量价共振样本","有效窗口内成交额增量显著且价格方向偏强","1.31232749216784","1.95644635077277","-1.17837700859739","-0.303351047309908","2.39374788165312","量价共振样本","有效窗口内成交额增量显著且价格方向偏强","0.131055643416011","2.75491673879759","-1.17837700859739","-0.486980188920529","2.19457556253674","量价共振样本","有效窗口内成交额增量显著且价格方向偏强","1.88968104998726","2.01197895503911","-1.17837700859739","-0.428717977226456","3.15200097365544","量价共振样本","有效窗口内成交额增量显著且价格方向偏强"
"2026-07-16 15:00:00.255","688519.SH","南亚新材","0.458000","801080.SI","电子","342.08","-0.03093484419263456","0.00561483963900393","104567","2482604220.78","35686004.1800003","-0.0141681586402266","0.0976435726020073","0","0.09053824362606226","1784185210339739725","True","5m","0.00561483963900393","104567","35686004.1800003","0.0976435726020073","0","0.0117716651878141","457782","154984602.42","0.221999907193013","0","-0.00262405971193666","798989","271081527.48","-0.0509538082658759","0.0509538082658759","1.83072608433958","1.66862854285284","-0.574139048469515","-0.428717977226456","3.35393355594936","量价共振样本","有效窗口内成交额增量显著且价格方向偏强","2.64983553995434","1.83247875736397","-0.574139048469515","-0.303351047309908","4.2115262961587","量价共振样本","有效窗口内成交额增量显著且价格方向偏强","-0.487424434184624","1.95261404121552","-0.574139048469515","0.336457925924951","0.554592632636434","中性","信号未达到强势、放量或风险阈值","1.83072608433958","1.66862854285284","-0.574139048469515","-0.428717977226456","3.35393355594936","量价共振样本","有效窗口内成交额增量显著且价格方向偏强"
"2026-07-16 15:00:00.255","600206.SH","有研新材","0.405000","801080.SI","电子","43.79","-0.08100734522560336","0.00528007346189157","1962050","3986616481.2500","85769645.3099999","-0.0328079748163694","0.0964520297917501","0","0.09171038824763914","1784185246736781306","True","5m","0.00528007346189157","1962050","85769645.3099999","0.0964520297917501","0","0.00782508630609888","7058676","306890541.51","0.152917849919288","0","-0.00136830102622582","12990545","565281729.13","-0.0275751445412516","0.0275751445412516","1.70609488060506","4.84353322360426","-1.96862103963921","-0.428717977226456","5.00972504179656","量价共振样本","有效窗口内成交额增量显著且价格方向偏强","1.58571698801788","4.13464333591728","-1.96862103963921","-0.303351047309908","4.05509033160586","量价共振样本","有效窗口内成交额增量显著且价格方向偏强","-0.212898723827038","4.69460057762315","-1.96862103963921","-0.0413525545902707","2.55443336874717","中性","信号未达到强势、放量或风险阈值","1.70609488060506","4.84353322360426","-1.96862103963921","-0.428717977226456","5.00972504179656","量价共振样本","有效窗口内成交额增量显著且价格方向偏强"
"2026-07-16 15:00:00.255","002364.SZ","中恒电气","0.187000","801730.SI","电力设备","46.63","-0.04289819376026272","0.00517352877775387","726400","1555753521.51","33806239.22","-0.00802196223316913","0.0896891017821411","0","0.08169129720853853","1784185223973684085","True","5m","0.00517352877775387","726400","33806239.22","0.0896891017821411","0","-0.000428724544480086","2901643","134384793.66","-0.00802410196985171","0.00802410196985171","0.000858553337626082","3991351","185113425.37","0.0163438328488321","0","1.66642900889085","1.5494663885932","-0.90730945501943","-0.428717977226456","2.73730391969108","量价共振样本","有效窗口内成交额增量显著且价格方向偏强","-0.639763235111046","1.52028457762129","-0.90730945501943","-0.0210487218864566","-0.00573939062273197","中性","信号未达到强势、放量或风险阈值","0.273921541129587","1.15137944917888","-0.90730945501943","-0.486980188920529","1.00497172420957","量价共振样本","有效窗口内成交额增量显著且价格方向偏强","1.66642900889085","1.5494663885932","-0.90730945501943","-0.428717977226456","2.73730391969108","量价共振样本","有效窗口内成交额增量显著且价格方向偏强"
"2026-07-16 15:00:00.255","002745.SZ","木林森","0.134000","801080.SI","电子","11.65","-0.02510460251046025","0.00431034482758627","2456046","1206875015.99","28566694.3599999","-0.00336401673640167","0.0739989314626453","0","0.06778242677824271","1784185210339761645","True","5m","0.00431034482758627","2456046","28566694.3599999","0.0739989314626453","0","0.0130434782608696","8340546","96218214.3599999","0.239766903216108","0","0.00517687661777399","14955046","172552450.64","0.0981857384764191","0","1.34507141033754","1.21732089905416","-0.411771144685241","-0.428717977226456","2.57933914193292","量价共振样本","有效窗口内成交额增量显著且价格方向偏强","2.99275530063716","0.941862512787152","-0.411771144685241","-0.303351047309908","3.82619771604898","中性","信号未达到强势、放量或风险阈值","1.21796499432318","1.03430942882998","-0.411771144685241","-0.486980188920529","2.32748346738844","量价共振样本","有效窗口内成交额增量显著且价格方向偏强","1.34507141033754","1.21732089905416","-0.411771144685241","-0.428717977226456","2.57933914193292","量价共振样本","有效窗口内成交额增量显著且价格方向偏强"
"2026-07-16 15:00:00.255","600330.SH","天通股份","0.390000","801080.SI","电子","21.36","-0.088348271446863","0.00423131170662905","1722684","1909682477.47","36799753.5","-0.0344558258642766","0.0737136885694833","0","0.08066581306017928","1784185248093943568","True","5m","0.00423131170662905","1722684","36799753.5","0.0737136885694833","0","0.00802265219443125","5357362","113739815.82","0.14881557787567","0","-0.00186915887850463","10285762","218572464.22","-0.0358927629273278","0.0358927629273278","1.31564790917993","1.7392313953905","-2.17306038664351","-0.428717977226456","1.31053689515339","量价共振样本","有效窗口内成交额增量显著且价格方向偏强","1.6389868030413","1.20740585152943","-2.17306038664351","-0.303351047309908","0.976683315237129","量价共振样本","有效窗口内成交额增量显著且价格方向偏强","-0.322392975588619","1.46322231513648","-2.17306038664351","0.0930641698299438","-1.12529521692559","中性","信号未达到强势、放量或风险阈值","1.31564790917993","1.7392313953905","-2.17306038664351","-0.428717977226456","1.31053689515339","量价共振样本","有效窗口内成交额增量显著且价格方向偏强"
"2026-07-16 15:00:00.255","300088.SZ","长信科技","0.297000","801080.SI","电子","7.09","-0.036684782608695655","0.00424929178470258","4110562","1057461649.39","29091408.58","-0.0108953804347826","0.0730281309566189","0","0.05842391304347822","1784185205570862039","True","5m","0.00424929178470258","4110562","29091408.58","0.0730281309566189","0","0.0071022727272727","12052864","84965166.6","0.129671533647197","0","0.00282885431400277","22100681","155841596.66","0.0533644997163525","0","1.32234177172266","1.25058360910375","-0.734270565891676","-0.428717977226456","2.2673727921612","量价共振样本","有效窗口内成交额增量显著且价格方向偏强","1.39082430707234","0.771320346305487","-0.734270565891676","-0.303351047309908","1.73122513479606","中性","信号未达到强势、放量或风险阈值","0.704655790721397","0.878561960378052","-0.734270565891676","-0.486980188920529","1.3359273741283","中性","信号未达到强势、放量或风险阈值","1.32234177172266","1.25058360910375","-0.734270565891676","-0.428717977226456","2.2673727921612","量价共振样本","有效窗口内成交额增量显著且价格方向偏强"
"2026-07-16 15:00:00.255","300821.SZ","东岳硅材","0.127000","801030.SI","基础化工","18.25","-0.0645822655048693","0.00385038503850387","2717441","2177065587.1","49504839.1999998","-0.0082019477191184","0.0682195088185027","0","0.06868272680676575","1784185217249800460","True","5m","0.00385038503850387","2717441","49504839.1999998","0.0682195088185027","0","0.00274725274725279","8775237","159537403.48","0.0518895301196222","0","-0.00273224043715851","15106782","275074964.11","-0.0530944104341049","0.0530944104341049","1.17383146406432","2.54463282284614","-1.51119475971344","-0.428717977226456","2.63598750442347","量价共振样本","有效窗口内成交额增量显著且价格方向偏强","0.216577524304624","1.9014773587111","-1.51119475971344","-0.303351047309908","0.910211170612186","量价共振样本","有效窗口内成交额增量显著且价格方向偏强","-0.511074193311487","1.98983342248054","-1.51119475971344","0.371051089302321","-0.403486619846706","中性","信号未达到强势、放量或风险阈值","1.17383146406432","2.54463282284614","-1.51119475971344","-0.428717977226456","2.63598750442347","量价共振样本","有效窗口内成交额增量显著且价格方向偏强"
"2026-07-16 15:00:00.255","688549.SH","中巨芯","0.223000","","未映射","24.61","-0.07167106752168992","0.00367047308319738","1964254","1851476844.15","48209084.4400001","-0.0159826480573369","0.0649345524073302","0","0.09769898151640889","1784185229133540206","True","5m","0.00367047308319738","1964254","48209084.4400001","0.0649345524073302","0","-0.00202757502027578","7988792","195996365.23","-0.0387137199460267","0.0387137199460267","-0.006860371267151","12757645","314069612.87","-0.134224022894231","0.134224022894231","1.10685144908941","2.46249227236278","-1.70861263474459","-0.428717977226456","2.28944906393406","量价共振样本","有效窗口内成交额增量显著且价格方向偏强","-1.07086229687038","2.45402014153114","-1.70861263474459","1.05866718321833","-1.38412197330217","负向放量样本","有效窗口内短周期下跌且成交额放大","-1.41353902309782","2.35326893779357","-1.70861263474459","1.6821447526792","-2.45102747272804","负向放量样本","有效窗口内短周期下跌且成交额放大","1.10685144908941","2.46249227236278","-1.70861263474459","-0.428717977226456","2.28944906393406","量价共振样本","有效窗口内成交额增量显著且价格方向偏强"
"2026-07-16 15:00:00.255","603005.SH","晶方科技","0.360000","801080.SI","电子","34.5","-0.06756756756756757","0.00349040139616048","954666","2047099775.97","32906780.76","-0.0243243243243243","0.0604160185934228","0","0.08486486486486489","1784185225772532524","True","5m","0.00349040139616048","954666","32906780.76","0.0604160185934228","0","0.00671140939597306","3964456","135882731.34","0.12568659603713","0","0.00174216027874571","7404638","254292783.6","0.0337177645582161","0","1.03981196706199","1.49244787295886","-1.59433320654064","-0.428717977226456","1.36664461070666","量价共振样本","有效窗口内成交额增量显著且价格方向偏强","1.28543558064028","1.54298611969683","-1.59433320654064","-0.303351047309908","1.53743954110638","量价共振样本","有效窗口内成交额增量显著且价格方向偏强","0.46708988306341","1.79614062813159","-1.59433320654064","-0.486980188920529","1.15587749357489","量价共振样本","有效窗口内成交额增量显著且价格方向偏强","1.03981196706199","1.49244787295886","-1.59433320654064","-0.428717977226456","1.36664461070666","量价共振样本","有效窗口内成交额增量显著且价格方向偏强"
"2026-07-16 15:00:00.255","688627.SH","精智达","0.552000","801890.SI","机械设备","584","-0.025041736227045076","0.00341918523736707","77729","3338126542.88","45400472.2200003","-0.0138230383973289","0.0602837680482254","0","0.1031385642737896","1784185219057544640","True","5m","0.00341918523736707","77729","45400472.2200003","0.0602837680482254","0","0.010363142506185","345808","200475159.61","0.198103914205166","0","-0.00741042898905434","834253","484505284.24","-0.148198493430507","0.148198493430507","1.01329866851931","2.28444858619094","-0.410020365349963","-0.428717977226456","3.31644486658674","量价共振样本","有效窗口内成交额增量显著且价格方向偏强","2.27005468132536","2.52189715699233","-0.410020365349963","-0.303351047309908","4.68528252027764","量价共振样本","有效窗口内成交额增量显著且价格方向偏强","-1.53378902698906","3.94175294833855","-0.410020365349963","1.90797893595185","0.0899646200476845","负向放量样本","有效窗口内短周期下跌且成交额放大","1.01329866851931","2.28444858619094","-0.410020365349963","-0.428717977226456","3.31644486658674","量价共振样本","有效窗口内成交额增量显著且价格方向偏强"
"2026-07-16 15:00:00.255","603663.SH","三祥新材","0.209000","801030.SI","基础化工","63.5","-0.0744789389301851","0.00331805972507507","426300","919604050.51","27048314.6","-0.0155660982364087","0.056782404980312","0","0.08978283049118199","1784185234132503025","True","5m","0.00331805972507507","426300","27048314.6","0.056782404980312","0","0.00506489395378285","1487700","94118214.6","0.0929917678397858","0","-0.00470219435736673","3316900","210042364.6","-0.0901073031784654","0.0901073031784654","0.975650318157467","1.12106769344818","-1.78680976953698","-0.428717977226456","0.738626219295127","量价共振样本","有效窗口内成交额增量显著且价格方向偏强","0.841484583942357","0.910036600703636","-1.78680976953698","-0.303351047309908","0.268062462418924","中性","信号未达到强势、放量或风险阈值","-0.941732571764784","1.38372060786001","-1.78680976953698","0.969197286096121","-2.31401901953787","中性","信号未达到强势、放量或风险阈值","0.975650318157467","1.12106769344818","-1.78680976953698","-0.428717977226456","0.738626219295127","量价共振样本","有效窗口内成交额增量显著且价格方向偏强"
"2026-07-16 15:00:00.255","002317.SZ","众生药业","0.171000","801150.SI","医药生物","29.96","-0.100030039050766","-0.0128500823723229","3118700","3039594332","93837394.0799999","-0.017105136677681","-0.235889913050289","0.235889913050289","0.09702613397416643","1784185233440865200","True","5m","-0.0128500823723229","3118700","93837394.0799999","-0.235889913050289","0.235889913050289","-0.0115473441108544","7912051","238969832.34","-0.222769606023031","0.222769606023031","-0.0479822052748649","12977079","395255555.73","-0.949809821100069","0.949809821100069","-5.04364060642435","5.35496435670645","-2.498388944487","11.0389605618397","-13.2260257560446","负向放量样本","有效窗口内短周期下跌且成交额放大","-3.63768363835419","3.10529154270824","-2.498388944487","7.53408397660341","-10.5648650167364","负向放量样本","有效窗口内短周期下跌且成交额放大","-10.4033240993476","3.10993314474918","-2.498388944487","14.86240458066","-24.6541844797455","负向放量样本","有效窗口内短周期下跌且成交额放大","-5.04364060642435","5.35496435670645","-2.498388944487","11.0389605618397","-13.2260257560446","负向放量样本","有效窗口内短周期下跌且成交额放大"
"2026-07-16 15:00:00.255","688068.SH","热景生物","0.058000","801150.SI","医药生物","143","0.02877697841726619","-0.0131805948519771","174174","789066936.66","25038494.39","0.00166906474820144","-0.224543625539936","0.224543625539936","0.11395683453237412","1784185245889425406","True","5m","-0.0131805948519771","174174","25038494.39","-0.224543625539936","0.224543625539936","0.018808777429467","456805","65176663.5","0.338419035543409","0","0.0228898426323318","594452","84434583.02","0.417773679860514","0","-5.16668818710858","0.993661070282843","1.08879089454654","10.4873660655002","-13.5716022877793","负向放量样本","有效窗口内短周期下跌且成交额放大","4.54725655010972","0.471421664448015","1.08879089454654","-0.303351047309908","6.41082015641419","高综合分样本","有效窗口内价格动量、成交额和当日强度共振","5.09025720541283","0.213038725153051","1.08879089454654","-0.486980188920529","6.87906701403295","高综合分样本","有效窗口内价格动量、成交额和当日强度共振","-5.16668818710858","0.993661070282843","1.08879089454654","10.4873660655002","-13.5716022877793","负向放量样本","有效窗口内短周期下跌且成交额放大"
"2026-07-16 15:00:00.255","600129.SH","太极集团","0.054000","801150.SI","医药生物","16.26","-0.09566184649610678","-0.00853658536585348","2052791","1051126369.59","33417532.6600001","-0.00516573971078977","-0.147892852390957","0.147892852390957","0.0978865406006673","1784185205570792458","True","5m","-0.00853658536585348","2052791","33417532.6600001","-0.147892852390957","0.147892852390957","-0.0222489476849066","6345391","103665741.16","-0.41064175811455","0.41064175811455","-0.0304114490161001","10442750","171589712.27","-0.576619831043144","0.576619831043144","-3.43775458514608","1.52482548292144","-2.37673802380654","6.76102433737387","-11.050691463405","负向放量样本","有效窗口内短周期下跌且成交额放大","-6.52316375668625","1.05473125577046","-2.37673802380654","14.1437638656445","-21.9889343903669","负向放量样本","有效窗口内短周期下跌且成交额放大","-6.56212085039147","1.02533657417584","-2.37673802380654","8.83147436464558","-16.7449966646677","负向放量样本","有效窗口内短周期下跌且成交额放大","-3.43775458514608","1.52482548292144","-2.37673802380654","6.76102433737387","-11.050691463405","负向放量样本","有效窗口内短周期下跌且成交额放大"
"2026-07-16 15:00:00.255","688432.SH","有研硅","0.154000","801080.SI","电子","36.96","-0.1085383502170767","-0.00805152979066015","2178125","1812525745.98","80628348.0899999","-0.0167149059334298","-0.146581005405138","0.146581005405138","0.1150506512301012","1784185246736801436","True","5m","-0.00805152979066015","2178125","80628348.0899999","-0.146581005405138","0.146581005405138","-0.00778523489932884","4629602","172091418.42","-0.147635585410244","0.147635585410244","-0.00991159924993296","8427936","313046191.58","-0.193889329964238","0.193889329964238","-3.25717164592581","4.51761585336867","-2.73533909580611","6.69724950558355","-8.17214439394679","负向放量样本","有效窗口内短周期下跌且成交额放大","-2.62330375988703","2.09173594034808","-2.73533909580611","4.89073412672666","-8.15764104207172","负向放量样本","有效窗口内短周期下跌且成交额放大","-2.08057843040401","2.34373050993895","-2.73533909580611","2.64636488945564","-5.11855190572681","负向放量样本","有效窗口内短周期下跌且成交额放大","-3.25717164592581","4.51761585336867","-2.73533909580611","6.69724950558355","-8.17214439394679","负向放量样本","有效窗口内短周期下跌且成交额放大"
"2026-07-16 15:00:00.255","603393.SH","新天然气","0.056000","801160.SI","公用事业","23.86","0.0046315789473684215","-0.00913621262458467","282400","185287987.48","6760472","0.000259368421052632","-0.143681592670963","0.143681592670963","0.03326315789473695","1784185223973681965","True","5m","-0.00913621262458467","282400","6760472","-0.143681592670963","0.143681592670963","-0.00707449022055771","1109700","26665174","-0.120965781274822","0.120965781274822","-0.00417362270450757","1952988","46879234.72","-0.0737190542579272","0.0737190542579272","-3.66099179415065","-0.16502023825585","0.416359439441042","6.55629590244874","-9.9659484954142","负向放量样本","有效窗口内短周期下跌且成交额放大","-2.43166522407198","-0.112227582746325","0.416359439441042","3.9524424955503","-6.07997586292757","负向放量样本","有效窗口内短周期下跌且成交额放大","-0.826179711070132","-0.136982310968489","0.416359439441042","0.704355280051522","-1.2511578626491","中性","信号未达到强势、放量或风险阈值","-3.66099179415065","-0.16502023825585","0.416359439441042","6.55629590244874","-9.9659484954142","负向放量样本","有效窗口内短周期下跌且成交额放大"
"2026-07-16 15:00:00.255","603083.SH","剑桥科技","0.720000","801770.SI","通信","195.7","-0.05958673714560308","-0.0058420116840234","456368","4277195662.06","89375737.54","-0.0429024507448342","-0.10695765199735","0.10695765199735","0.09173474291206153","1784185245889475467","True","5m","-0.0058420116840234","456368","89375737.54","-0.10695765199735","0.10695765199735","0.00256147540983607","1470588","287381759.58","0.0498881200462607","0","-0.0117658940564562","2690295","526980102.56","-0.23629060702578","0.23629060702578","-2.43458286566526","5.0721308024131","-1.37207300246813","4.77097858689677","-3.50550365261707","负向放量样本","有效窗口内短周期下跌且成交额放大","0.166486263696506","3.8389838837654","-1.37207300246813","-0.303351047309908","2.93674819230368","量价共振样本","有效窗口内成交额增量显著且价格方向偏强","-2.48595217359657","4.3376241248932","-1.37207300246813","3.33158997544749","-2.851991026619","负向放量样本","有效窗口内短周期下跌且成交额放大","-2.43458286566526","5.0721308024131","-1.37207300246813","4.77097858689677","-3.50550365261707","负向放量样本","有效窗口内短周期下跌且成交额放大"
"2026-07-16 15:00:00.255","603516.SH","淳中科技","0.196000","801750.SI","计算机","97.09","-0.010699001426533523","-0.00634530754272838","179700","669187376.87","17482714","-0.00209700427960057","-0.105818937740537","0.105818937740537","0.056755655186468384","1784185235281934655","True","5m","-0.00634530754272838","179700","17482714","-0.105818937740537","0.105818937740537","0.00144404332129964","451600","43887941","0.0254110471777805","0","-0.000926116484873466","755852","73431059.84","-0.016773689873073","0.016773689873073","-2.62195654016866","0.514684662304157","-0.0105858459863824","4.71562052229738","-6.83347824614826","负向放量样本","有效窗口内短周期下跌且成交额放大","-0.134807654803339","0.148786860596707","-0.0105858459863824","-0.303351047309908","0.306744407116893","中性","信号未达到强势、放量或风险阈值","-0.116231245668061","0.11048436848234","-0.0105858459863824","-0.215909271198055","0.199576548025952","中性","信号未达到强势、放量或风险阈值","-2.62195654016866","0.514684662304157","-0.0105858459863824","4.71562052229738","-6.83347824614826","负向放量样本","有效窗口内短周期下跌且成交额放大"
"2026-07-16 15:00:00.255","001896.SZ","豫能控股","0.104000","801160.SI","公用事业","13.5","-0.09698996655518395","-0.00515843773028742","5069746","2065297650.09","68547536.4099998","-0.0100869565217391","-0.0930738881910922","0.0930738881910922","0.10702341137123743","1784185249638804747","True","5m","-0.00515843773028742","5069746","68547536.4099998","-0.0930738881910922","0.0930738881910922","-0.0138787436084733","9558019","129492474.48","-0.259242902357391","0.259242902357391","-0.00295420974889211","15255112","206965624.84","-0.0565673952103279","0.0565673952103279","-2.18009286482183","3.75178843577834","-2.41372518175327","4.09602585922951","-4.93805547002628","负向放量样本","有效窗口内短周期下跌且成交额放大","-4.26630035469191","1.44614051195378","-2.41372518175327","8.81728007876346","-14.0511651032549","负向放量样本","有效窗口内短周期下跌且成交额放大","-0.55959966534257","1.35504496810642","-2.41372518175327","0.427176198187172","-2.04545607717659","中性","信号未达到强势、放量或风险阈值","-2.18009286482183","3.75178843577834","-2.41372518175327","4.09602585922951","-4.93805547002628","负向放量样本","有效窗口内短周期下跌且成交额放大"
"2026-07-16 15:00:00.255","002550.SZ","千红制药","0.057000","801150.SI","医药生物","7.09","-0.018005540166204988","-0.0056100981767181","1206600","314345926","8576551.69999999","-0.00102631578947368","-0.089562651374535","0.089562651374535","0.04293628808864272","1784185237447703574","True","5m","-0.0056100981767181","1206600","8576551.69999999","-0.089562651374535","0.089562651374535","-0.00140845070422532","2668600","18959401.7","-0.0236025500720141","0.0236025500720141","-0.00281293952180035","4546300","32253842.7","-0.0486333270846714","0.0486333270846714","-2.34824302145797","-0.0498952231799409","-0.214067527150003","3.92532871255572","-6.53753448434364","负向放量样本","有效窗口内短周期下跌且成交额放大","-0.90392741721635","-0.229010087404993","-0.214067527150003","0.527029074514013","-1.87403410628536","中性","信号未达到强势、放量或风险阈值","-0.528716096798675","-0.273292985752568","-0.214067527150003","0.298957830948436","-1.31503444064968","中性","信号未达到强势、放量或风险阈值","-2.34824302145797","-0.0498952231799409","-0.214067527150003","3.92532871255572","-6.53753448434364","负向放量样本","有效窗口内短周期下跌且成交额放大"
"2026-07-16 15:00:00.255","301392.SZ","汇成真空","0.148000","801890.SI","机械设备","225.45","-0.06688464881420471","-0.00494328463609483","233500","890086125.74","52488688","-0.0098989280245023","-0.0878723628350549","0.0878723628350549","0.07925996440544682","1784185221829557462","True","5m","-0.00494328463609483","233500","52488688","-0.0878723628350549","0.0878723628350549","0.00195546864583795","450300","101297219","0.0360462672381935","0","-0.0104463854628452","819000","184649855","-0.198836207559116","0.198836207559116","-2.09999281006801","2.7337851150524","-1.57531442610526","3.84315612044114","-4.78467824156202","负向放量样本","有效窗口内短周期下跌且成交额放大","0.00308827787210695","1.01883583355764","-1.57531442610526","-0.303351047309908","-0.25003926736561","量价共振样本","有效窗口内成交额增量显著且价格方向偏强","-2.19748987737208","1.14705890926732","-1.57531442610526","2.72630881709776","-5.35205421130778","负向放量样本","有效窗口内短周期下跌且成交额放大","-2.09999281006801","2.7337851150524","-1.57531442610526","3.84315612044114","-4.78467824156202","负向放量样本","有效窗口内短周期下跌且成交额放大"
"2026-07-16 15:00:00.255","600629.SH","华建集团","0.071000","801720.SI","建筑装饰","13.57","-0.01309090909090909","-0.00513196480938418","772300","430565577.92","10503220.2","-0.000929454545454545","-0.0829694632281729","0.0829694632281729","0.06036363636363637","1784185215219560616","True","5m","-0.00513196480938418","772300","10503220.2","-0.0829694632281729","0.0829694632281729","-0.00293901542983094","1979620","26920142","-0.0502818085959206","0.0502818085959206","-0.00220588235294113","3166011","43066578.09","-0.0387755687363124","0.0387755687363124","-2.17023717382282","0.0722402426307173","-0.0771986992232591","3.60480393371983","-5.7799995641352","负向放量样本","有效窗口内短周期下跌且成交额放大","-1.31661454910224","-0.108363492232282","-0.0771986992232591","1.46565332806539","-2.96783006862317","负向放量样本","有效窗口内短周期下跌且成交额放大","-0.396005248444553","-0.172516797650597","-0.0771986992232591","0.139651701981209","-0.785372447299617","中性","信号未达到强势、放量或风险阈值","-2.17023717382282","0.0722402426307173","-0.0771986992232591","3.60480393371983","-5.7799995641352","负向放量样本","有效窗口内短周期下跌且成交额放大"
"2026-07-16 15:00:00.255","002936.SZ","郑州银行","0.084000","801780.SI","银行","1.76","0.0","-0.0056497175141243","1284900","169018550.07","2264360","0","-0.0826712042818694","0.0826712042818694","0.02272727272727275","1784185237447715754","True","5m","-0.0056497175141243","1284900","2264360","-0.0826712042818694","0.0826712042818694","-0.0056497175141243","6014662","10593727.07","-0.091388546285053","0.091388546285053","0","10786905","19007410.75","0","0","-2.36299303519798","-0.450037994790971","0.28737340320264","3.59030421360302","-6.11596184038933","负向放量样本","有效窗口内短周期下跌且成交额放大","-2.04750286101044","-0.355793542510574","0.28737340320264","2.91186222269493","-5.0277852230133","负向放量样本","有效窗口内短周期下跌且成交额放大","0.0862302533259447","-0.396751562118706","0.28737340320264","-0.486980188920529","0.463832283330407","中性","信号未达到强势、放量或风险阈值","-2.36299303519798","-0.450037994790971","0.28737340320264","3.59030421360302","-6.11596184038933","负向放量样本","有效窗口内短周期下跌且成交额放大"
"2026-07-16 15:00:00.255","002541.SZ","鸿路钢构","0.074000","801720.SI","建筑装饰","20.44","-0.02480916030534351","-0.00535279805352795","215200","203927247.52","4409622","-0.00183587786259542","-0.0818940619555444","0.0818940619555444","0.040076335877862586","1784185249112646383","True","5m","-0.00535279805352795","215200","4409622","-0.0818940619555444","0.0818940619555444","-0.000977517106549344","664900","13630556","-0.0160584796369254","0.0160584796369254","0.000489476260401447","1268920","25962404","0.00835641707686674","0","-2.25245191032829","-0.314045438907121","-0.403543298542795","3.55252380043419","-6.5225644482124","负向放量样本","有效窗口内短周期下跌且成交额放大","-0.787734519599558","-0.309769798898879","-0.403543298542795","0.261615121029171","-1.7626627380704","中性","信号未达到强势、放量或风险阈值","0.193236336277159","-0.33193006388264","-0.403543298542795","-0.486980188920529","-0.0552568372277467","中性","信号未达到强势、放量或风险阈值","-2.25245191032829","-0.314045438907121","-0.403543298542795","3.55252380043419","-6.5225644482124","负向放量样本","有效窗口内短周期下跌且成交额放大"
"2026-07-16 15:00:00.255","688789.SH","宏华数科","0.059000","801890.SI","机械设备","46.62","0.010841283607979185","-0.00554607508532434","15672","65396425.04","732850.170000002","0.000639635732870772","-0.0748980686576348","0.0748980686576348","0.035342584562012044","1784185231743342200","True","5m","-0.00554607508532434","15672","732850.170000002","-0.0748980686576348","0.0748980686576348","0.00409218177902214","117561","5486263.25","0.0635014870192308","0","0.00128865979381433","199782","9300515.27","0.020677294419439","0","-2.32440765369162","-0.54712354245039","0.589295105546532","3.21241683628103","-5.4946529268765","负向放量样本","有效窗口内短周期下跌且成交额放大","0.579211587030289","-0.4331981677878","0.589295105546532","-0.303351047309908","1.03865957209893","中性","信号未达到强势、放量或风险阈值","0.367948587693573","-0.487221169437808","0.589295105546532","-0.486980188920529","0.957002712722825","中性","信号未达到强势、放量或风险阈值","-2.32440765369162","-0.54712354245039","0.589295105546532","3.21241683628103","-5.4946529268765","负向放量样本","有效窗口内短周期下跌且成交额放大"
"2026-07-16 15:00:00.255","002807.SZ","江阴银行","0.103000","801780.SI","银行","3.98","-0.007481296758104738","-0.005","682940","147827450.13","2726924.19999999","-0.000770573566084788","-0.0740934261602097","0.0740934261602097","0.01745635910224446","1784185249112645653","True","5m","-0.005","682940","2726924.19999999","-0.0740934261602097","0.0740934261602097","-0.00250626566416046","3379910","13495472.5","-0.0411475310548581","0.0411475310548581","-0.005","6885440","27468616.4","-0.0856427736276717","0.0856427736276717","-2.12110755987552","-0.420715101914312","0.0790248409268247","3.17329951506952","-5.63609733593253","负向放量样本","有效窗口内短周期下跌且成交额放大","-1.19993195696411","-0.311817016082815","0.0790248409268247","1.1442930312255","-2.5770171633456","负向放量样本","有效窗口内短周期下跌且成交额放大","-1.00683688402054","-0.317891956163449","0.0790248409268247","0.897048335466271","-2.14275233472344","中性","信号未达到强势、放量或风险阈值","-2.12110755987552","-0.420715101914312","0.0790248409268247","3.17329951506952","-5.63609733593253","负向放量样本","有效窗口内短周期下跌且成交额放大"
"2026-07-16 15:00:00.255","600269.SH","赣粤高速","0.048000","801170.SI","交通运输","3.96","0.005076142131979696","-0.00502512562814071","408800","112673835","1622241","0.000243654822335025","-0.0718558778947179","0.0718558778947179","0.0253807106598985","1784185251479182424","True","5m","-0.00502512562814071","408800","1622241","-0.0718558778947179","0.0718558778947179","-0.00251889168765749","1530800","6078276","-0.0393456721048433","0.0393456721048433","-0.00251889168765749","2818500","11178371","-0.0408803309771155","0.0408803309771155","-2.13046166281021","-0.490743234520003","0.42874019418843","3.0645221456072","-5.25698684874899","负向放量样本","有效窗口内短周期下跌且成交额放大","-1.2033363196395","-0.424226097365363","0.42874019418843","1.08090039569003","-2.27972261850646","负向放量样本","有效窗口内短周期下跌且成交额放大","-0.464433291936781","-0.469719294523726","0.42874019418843","0.173665674847012","-0.67907806711909","中性","信号未达到强势、放量或风险阈值","-2.13046166281021","-0.490743234520003","0.42874019418843","3.0645221456072","-5.25698684874899","负向放量样本","有效窗口内短周期下跌且成交额放大"
"2026-07-16 15:00:00.255","688102.SH","斯瑞新材","0.189000","801050.SI","有色金属","33.51","-0.06605351170568562","-0.00416047548291235","520442","621666341.64","17464685.78","-0.0124841137123746","-0.069378805654299","0.069378805654299","0.08779264214046818","1784185242956402860","True","5m","-0.00416047548291235","520442","17464685.78","-0.069378805654299","0.069378805654299","-0.0038644470868015","1901430","63729941.51","-0.0694447520355664","0.0694447520355664","-0.00945906000591192","3074320","103301233.9","-0.174549546684196","0.174549546684196","-1.80855820966397","0.513541816481206","-1.55216787448285","2.9441004293759","-5.79128469704152","负向放量样本","有效窗口内短周期下跌且成交额放大","-1.56613927019528","0.449496306293197","-1.55216787448285","2.13984011124632","-4.80865094963125","负向放量样本","有效窗口内短周期下跌且成交额放大","-1.98164727520421","0.38887851863357","-1.55216787448285","2.33382466473797","-5.47876129579146","负向放量样本","有效窗口内短周期下跌且成交额放大","-1.80855820966397","0.513541816481206","-1.55216787448285","2.9441004293759","-5.79128469704152","负向放量样本","有效窗口内短周期下跌且成交额放大"
"2026-07-16 15:00:00.255","688153.SH","唯捷创芯","0.057000","801080.SI","电子","28.98","-0.03432189270243252","-0.00412371134020622","475907","322066282.8","13740103.69","-0.00195634788403865","-0.0677766163467593","0.0677766163467593","0.08930356547817393","1784185242956420530","True","5m","-0.00412371134020622","475907","13740103.69","-0.0677766163467593","0.0677766163467593","-0.00923076923076922","941649","27351116.12","-0.158070165520027","0.158070165520027","-0.0136147038801906","1558064","45399732.89","-0.24004107285964","0.24004107285964","-1.79487116577186","0.27743292254736","-0.668465835681953","2.86621074049515","-5.05211481940161","负向放量样本","有效窗口内短周期下跌且成交额放大","-3.01306409298804","-0.101831994127067","-0.668465835681953","5.25784140438548","-9.04120332718254","负向放量样本","有效窗口内短周期下跌且成交额放大","-2.89012682590206","-0.150771472484009","-0.668465835681953","3.39219931204333","-7.10156344611135","负向放量样本","有效窗口内短周期下跌且成交额放大","-1.79487116577186","0.27743292254736","-0.668465835681953","2.86621074049515","-5.05211481940161","负向放量样本","有效窗口内短周期下跌且成交额放大"
"2026-07-16 15:00:00.255","600252.SH","中恒集团","0.040000","801150.SI","医药生物","2.26","0.03196347031963471","-0.00440528634361244","1858200","224934179.87","4203808","0.00127853881278539","-0.0671872316168555","0.0671872316168555","0.050228310502283255","1784185215219558716","True","5m","-0.00440528634361244","1858200","4203808","-0.0671872316168555","0.0671872316168555","-0.00440528634361244","7314500","16560970","-0.0732271336584515","0.0732271336584515","-0.00440528634361244","10621600","24040173","-0.0748688850464416","0.0748688850464416","-1.89969965208662","-0.327092410277834","1.17753232909033","2.83755807565259","-3.88681780892671","负向放量样本","有效窗口内短周期下跌且成交额放大","-1.71196609997295","-0.265358794617475","1.17753232909033","2.27291109311959","-3.07270365861969","负向放量样本","有效窗口内短周期下跌且成交额放大","-0.876824493234857","-0.349845522445567","1.17753232909033","0.72293710011775","-0.772074786707844","中性","信号未达到强势、放量或风险阈值","-1.89969965208662","-0.327092410277834","1.17753232909033","2.83755807565259","-3.88681780892671","负向放量样本","有效窗口内短周期下跌且成交额放大"
"2026-07-16 15:00:00.255","002332.SZ","仙琚制药","0.065000","801150.SI","医药生物","8.81","0.01148105625717566","-0.00451977401129934","289400","189493267.9","2554802","0.000746268656716418","-0.0666824211296216","0.0666824211296216","0.028702640642939148","1784185235281891175","True","5m","-0.00451977401129934","289400","2554802","-0.0666824211296216","0.0666824211296216","-0.00226500566251411","1588600","14039164","-0.0372760169464519","0.0372760169464519","-0.00339366515837097","3078300","27171869","-0.0580917176638395","0.0580917176638395","-1.94232264333279","-0.431626281016142","0.607112299002876","2.81301694832803","-4.57985357367408","负向放量样本","有效窗口内短周期下跌且成交额放大","-1.13488087062157","-0.303577263769912","0.607112299002876","1.00808620835371","-1.83943204374232","负向放量样本","有效窗口内短周期下跌且成交额放大","-0.655670518628667","-0.320657682940489","0.607112299002876","0.451809984164202","-0.821025886730483","中性","信号未达到强势、放量或风险阈值","-1.94232264333279","-0.431626281016142","0.607112299002876","2.81301694832803","-4.57985357367408","负向放量样本","有效窗口内短周期下跌且成交额放大"
